{
  "version": 3,
  "artifactType": {
    "type": "APK",
    "kind": "Directory"
  },
  "applicationId": "com.tav.android.nanohttpwebserver",
  "variantName": "release",
  "elements": [
    {
      "type": "UNIVERSAL",
      "filters": [],
      "attributes": [],
      "versionCode": 1,
      "versionName": "1.0",
      "outputFile": "app-universal-release.apk"
    },
    {
      "type": "ONE_OF_MANY",
      "filters": [
        {
          "filterType": "ABI",
          "value": "armeabi-v7a"
        }
      ],
      "attributes": [],
      "versionCode": 1,
      "versionName": "1.0",
      "outputFile": "app-armeabi-v7a-release.apk"
    },
    {
      "type": "ONE_OF_MANY",
      "filters": [
        {
          "filterType": "ABI",
          "value": "x86"
        }
      ],
      "attributes": [],
      "versionCode": 1,
      "versionName": "1.0",
      "outputFile": "app-x86-release.apk"
    },
    {
      "type": "ONE_OF_MANY",
      "filters": [
        {
          "filterType": "ABI",
          "value": "armeabi"
        }
      ],
      "attributes": [],
      "versionCode": 1,
      "versionName": "1.0",
      "outputFile": "app-armeabi-release.apk"
    }
  ],
  "elementType": "File",
  "baselineProfiles": [
    {
      "minApi": 28,
      "maxApi": 30,
      "baselineProfiles": [
        "baselineProfiles/1/app-universal-release.dm",
        "baselineProfiles/1/app-armeabi-v7a-release.dm",
        "baselineProfiles/1/app-x86-release.dm",
        "baselineProfiles/1/app-armeabi-release.dm"
      ]
    },
    {
      "minApi": 31,
      "maxApi": 2147483647,
      "baselineProfiles": [
        "baselineProfiles/0/app-universal-release.dm",
        "baselineProfiles/0/app-armeabi-v7a-release.dm",
        "baselineProfiles/0/app-x86-release.dm",
        "baselineProfiles/0/app-armeabi-release.dm"
      ]
    }
  ],
  "minSdkVersionForDexing": 24
}